feature_0,feature_1,feature_2,feature_3,feature_4,target
-0.4904709036706206,1.4457852468546957,-0.9569954930355037,-1.5950457008284185,-0.41763281528526863,1
-0.712147462170115,-0.08046526555783537,1.6365136280111443,-1.0812143799457292,-1.6351137039119918,0
0.6411481351798063,1.958641616163061,-1.3766936762982407,-0.0942362676782087,0.20659775028332888,1
-2.121843155145926,0.6606247363119566,0.45740259490458224,-0.22943017187146003,0.21197744795788576,0
-1.9887384817723155,-0.30411171608898957,0.3002529921874886,-0.960377454168095,-0.6786927432031932,0
0.5415616701414658,1.910307677903908,1.4888271751840532,1.221458000886446,0.41643930521451555,1
-0.2792220852038511,-1.1428064855645685,-0.15282905282515283,-1.3109339166366232,-0.5981058144953358,0
-0.23964406493613072,0.030460747947133347,-0.05225656199557607,0.4521189078857304,0.499614001243932,0
-0.9841729912291268,-1.5336956241610673,0.14172732151354708,-1.7770353941119084,-0.884498008487521,0
-1.3139909252368875,0.07020947985399248,-0.19504611771752645,0.19416466222482287,0.8178634325426446,0
-0.32619307642891665,0.5062432911513839,0.7367839706339802,0.9982460107555684,-2.5161694001792534,0
-0.9810712676888738,0.9987029601245561,1.204321717725585,-1.6388165881659884,-0.35113403101533497,0
-0.247405802497904,-0.4456898519501387,0.6245003714274966,0.7098443263427854,0.9165410509805564,0
1.7070568580790153,1.3608042182928302,0.804796287640833,0.7894064950076655,1.0159270084230303,1
-0.17323865199801547,-0.8599302304295701,-0.3596485136642275,0.5742669103194755,-0.16181357394659351,0
-0.29963427184085684,-0.4522054045144903,-0.5983019146795506,-0.7991893165428794,-0.7001476371030231,0
-1.2087762082492601,-0.22066925386989844,1.5853541732744354,-0.08261370037984185,1.6123826230703657,0
0.18306455177764674,-0.45775934850279754,0.08436080113210123,1.6351421751119917,1.4032101430363069,0
-0.5045283591328835,0.4326609171907073,1.3633240614536224,0.5207671475939325,-0.47094342858360205,0
-1.1999410877813106,-0.8093654177801696,-1.6666894310188567,-1.552145971530592,-0.12669245545326166,0
-0.45574545154267376,1.4582068178238101,0.1947661214999919,1.5019487415613926,0.5540989089634535,1
0.9523621755322911,1.5067718759507622,0.12203045549115538,-0.6757881260204419,-0.5110688628476615,1
0.21697424759495082,2.939581234951662,0.11850173797504948,-0.953132376957888,0.4804122948052039,1
0.8815195416173471,-0.33372157090428145,0.644343799968635,-1.2896540834026062,-0.08619394236916407,1
1.494986705530786,-0.3144363061380661,-1.1171350067693193,-1.6298381585997153,-1.4469225061506568,1
1.1998520638449461,-0.23307058868920094,2.385873007106849,1.1593176278969772,1.8432865936495624,1
-2.9336438198206003,0.694504499780881,1.2154080793445174,0.19438030807926512,0.054352731759716714,0
-0.9719903587683137,-1.275363823478055,0.35975904475732334,0.10978409109905747,-0.04510817118965738,0
0.1900554297576579,-0.14682545856109994,-0.3142475204581754,-1.7800510999232977,1.4612062225535283,1
1.5602328200687217,0.24626651812241063,1.8191736323424845,0.12821719385390992,-0.18536083525933067,1
-0.2834433490556379,-0.19070425259674698,0.4696180955934317,0.8778226906570213,0.279276265556998,0
-0.19565489765421662,0.25464772431885563,-0.32253686888861177,-1.4829719894162507,-0.42790676051139176,0
0.40636180305296604,0.11651102505587903,1.1784878705324933,-0.4178935359038638,1.055869712809303,1
0.0834346788901083,0.23735762883239994,1.3299298177173606,-0.9676337060849962,-0.7818570123922132,0
1.2735109050628175,1.0649585113048654,0.7352060103987782,-0.613295513901306,-2.5128319475864083,1
-0.9675949824083759,-1.544956591674039,0.6315785845551317,-0.7539541673761972,-1.9041859353409742,0
0.7440768540595804,-0.7275569190712571,0.30349088201799734,0.4277340870157781,0.7784744740427143,1
1.6029496350095653,-0.5969818277170742,-1.412700992710642,0.17971924897192088,-0.9556883023479309,1
-0.8627667658517807,-0.7028490314713993,1.3323460818706623,0.8453984349756005,-0.694075620900447,0
1.2463539365522338,1.6236999162699404,0.7476854949820706,0.19939619451616822,0.6569970452946666,1
-0.18732479825346382,-0.6355961225002568,-0.07812365205620052,-0.3262422635368337,-0.10777278785714459,0
0.7190830767236336,0.8500182498547416,-0.6724696457220473,1.3445099574233366,-1.0588799917128027,1
-0.3631190839286136,0.1774224899245398,-0.4358561144759655,1.0869974231044945,-1.9068108481047723,0
2.2562836617194235,-1.0112097081446518,0.6841255022414344,1.2407996382379747,-1.3661366580322254,1
0.1149639814973355,0.7888323576051481,-1.3017953463757468,-0.8838493491842719,0.3226492603416534,1
-1.1603514930197858,-0.02390018593120239,-0.5226574294295555,0.09566853128456845,-0.9694685738331948,0
-2.1330336509956846,-0.8709799270123557,0.11243466589281073,0.013333595868565248,0.1984228032332845,0
-1.0749127532376357,-2.0855947440076066,0.08482480610070589,-0.14754179145413532,0.13687398681599303,0
-1.3335284536133665,-0.013676895693941586,-0.9494100819832615,2.0339709062842646,-1.6127645874037126,0
0.9943374130163266,-1.1742346864905715,-0.0919869817504403,0.006805112170343478,0.6931562826012707,1
0.8707272378848472,0.1750317784400052,-0.9850988086034286,0.07956812025238354,-0.08443184773396771,1
-0.6338581727323805,-0.12267092165080286,1.3293480483946352,0.08560108431703894,-0.7762058742988986,0
1.2865257877930003,1.9058286994978535,1.5839161115040152,0.029908279656883197,-0.026871891795789367,1
0.42839124027620334,-0.18378450655131223,-1.9021257036363153,1.1615443015812958,-1.1318018894341233,1
-1.1588232801054843,-0.34245534899504554,1.223785034975881,-0.17780074933462575,1.1084695554555464,0
0.6144791217816397,0.9437440606736996,-0.8496364576470397,-1.4824195956488007,-1.0456832567462264,1
1.9283040376151772,-1.1988717449703032,1.6170342726890838,-0.07319029573912483,-1.1515741144639449,1
-0.6875551832237402,1.0843068778018965,-0.3140520227393681,-0.6643651867664679,1.0741503775623549,0
-0.4993183622573375,-0.4879290373966298,1.1055207261932052,0.8355390476768058,0.21536608003099927,0
-0.5270538471585999,-0.5131543906918671,2.543585255616338,-1.2190290626518057,-2.030760475214922,0
0.05822848843842883,-0.4833286385322896,0.9925221539557462,-0.5073432245500527,0.6168530507073668,0
-0.08278342995201088,-0.508564454165587,0.30432313355066604,-0.7238964055855656,2.0765908760492624,0
1.0451075434944248,0.34056367314808106,0.776160104447716,-0.4606357463520087,0.19831458816230482,1
0.4877955721461163,1.1902348547879802,0.5685234661081863,0.5842460837275075,1.8561874913780105,1
0.43672551450564256,-0.9823797716377638,0.35767902896713305,0.16494605690257166,1.0064469550292476,0
-1.854180614323005,1.4682938285648517,-1.2091985076318417,1.397187836359202,0.7249929671959956,0
-0.8339034268525573,-0.5467484450650028,-0.39198806518688833,0.21068901592694467,-1.077968322405573,0
-0.3921376490959403,0.8472771771728843,0.09608792760946251,-0.1111208047647683,0.7979074408214969,1
-0.9832144046253622,-1.122757628936397,-0.28068223607889875,0.276179531664498,-0.7178098666511673,0
0.03685410991569767,0.32307171524387435,0.563632708291737,0.788667300041798,-0.3981082999163705,1
1.4208898854355365,0.32376648625950205,-0.27654453395214507,1.2656147213103126,-0.3838755615939564,1
-1.14737817657476,0.37651336635335075,-1.649490482908014,-0.5983642438246541,0.08195496247430975,0
0.5060709848844918,0.8424850343372542,0.42052364680326265,0.3631254515723539,-0.6992894425882374,1
0.44405437873551556,-0.40493943459873744,-0.2768778307357282,-0.5507169499777558,1.4590264022256505,1
1.3657940415763707,-2.15020817920487,-0.3843437289732534,-1.0854240994971864,-0.0916699043371935,1
1.3090334316819445,0.05190884978845728,1.032277927213485,-0.8278776962495498,1.6350517462089007,1
2.1048748215382322,0.12124359124166145,-2.9729480572583014,-1.52300115092426,-1.2117444616016761,1
0.9117177037288295,-0.12509520424610412,-1.1037493677856247,0.6596438957495531,-0.49850081204693963,1
-1.6532858740858636,-2.069342495230755,0.78965813868003,0.7592058726326818,-0.9857971333143114,0
-1.164655727119782,-0.42741651768350575,2.2169433957452855,0.34860699781508697,-0.5480767691313795,0
-0.6587745746181117,0.6042490527494719,1.0078909259572493,-1.1826612303221147,-0.49635591115360334,0
0.028959136839792298,-0.05054111280938341,0.11768935840735967,-0.1961550526679814,1.7862134713869304,0
-0.5288916538160638,1.0243237083666579,-0.4700211808648409,2.052396225418619,-0.3605501910156633,1
-0.1199423197517966,1.1311011677590908,-0.8202879695678488,0.9277740017823013,-0.14751682672817978,1
-0.08701245723539211,-0.9270901956583234,0.49976488099548766,-0.6065789582371387,0.1251838630546944,0
-0.18569057071038836,0.23186564186300254,-0.17907807344906743,1.161838165213342,-1.2157722816977368,0
-0.005933134013230698,1.1287142629962108,0.7516036327123788,1.0552720221474983,-0.9875087667746831,1
1.4578152372347732,-0.5143012485448684,0.03595920380164649,-0.7056576124279431,0.8124150338806777,1
0.8681707627373988,-1.673277623769242,-2.318000316996556,0.7693745914832526,-0.5076955418721255,1
0.7863430468956198,0.2385419698658664,0.025622865933199956,-0.20606453488058793,-1.323582796593956,1
-0.6280561057423611,0.5460294991930832,0.5850268364331459,1.3112404737616317,-0.24167723950933415,0
-0.2428534263755009,0.31220411112570823,-2.430637622155004,1.1826935367730753,-0.3139141108136478,1
-0.07848722531803524,0.152108632986314,-1.0866755707233915,0.49792920077541647,-0.9690545321983566,1
-2.8266986678595005,0.6959683879797639,2.377601464243094,0.6743864244995678,0.6253476965744417,0
-0.03348476162871905,2.2105378580650927,1.614602290204461,-0.5170251184998798,-0.0795924932971354,1
-1.093022734318348,0.05355483561614263,-1.6802649686836417,-0.6942508267582037,-0.006224886709786113,0
-1.8676551736955587,-0.7705015575610066,0.8032591991183278,0.9512311148069866,-1.0142449459321239,0
-0.26559489421902815,-0.2348315591129559,-0.15931675617086719,-0.21258617057639015,-1.0295433732646668,0
1.1740192269650571,0.019919323797831998,-0.8900373220560869,0.17537793082612557,0.7494501681035103,1
0.5734316928597782,2.138836075812396,-1.0057557344030668,-0.6089874949732459,-1.091893251025377,1
-1.3609733122313554,1.222181904236189,0.11643972093369914,-0.1117308611818311,1.05397061103442,0
-0.4320944480988202,-1.447317110434141,-0.16641107958098428,-0.849708662867314,-1.4255101744219567,0
1.8151301120553731,0.3223632935189453,0.6336023502265864,1.7408580800006206,0.08412528959652898,1
0.7197182113300993,-0.4137767225058524,-1.9413605063332908,0.7356921952132104,1.3697673660528424,1
-0.4394153604366336,-0.21950875586805357,-1.7151369376360517,-1.1812969611322255,1.546886618241688,0
-0.547310759781873,-0.7795140328328054,-0.24255299437754846,-1.0686854796503753,-1.2454901932317826,0
-1.5950473731948986,0.14291250048071721,-0.5979840412857755,-0.5127724195772162,0.6964271796498702,0
1.9870156815342035,-0.5833645577082207,-1.328190171860984,-1.217224687364288,1.0346656249095563,1
-1.0310788330717777,0.4594785788132657,1.501674028614157,-0.04564357292648263,-0.1820165061785717,0
0.40602004449661877,1.7594119581098366,-0.6303596241003384,0.017547777224562855,-0.4937316353547115,1
-0.2624223244807658,-1.1668158067848315,1.5479078805093898,0.6784926298998323,0.4019040197376437,0
0.8631481876221735,0.5639167195510134,1.3022341327903624,-0.5147127688650219,-0.16590458832159655,1
-0.21452815763852986,0.22130920320141878,-1.3457612455996026,2.9806136734637905,-0.8163825771181664,1
-0.07169087703969339,1.4832825189153567,-0.3493440922789494,0.8791734304644403,1.2498103324032328,1
-1.984813782553392,-0.9262363813291375,0.2982555093651575,-1.1066556261129676,1.3260128048533626,0
1.3048903875058397,0.8111694787699372,-0.5514478180199919,-0.5440792331512521,0.6567566782670845,1
-1.8552827115021662,-0.8856182278556773,0.8184197625010646,0.08205781290707036,-1.5065989825165127,0
0.4351358919417371,0.7886176635338017,-0.48998457695888237,-1.8938234413142367,-1.1258208886530094,1
-0.05640152523707956,-0.32646461962074097,-1.5650310667516958,-0.6803094323528397,-0.43435810230175503,1
0.49586169232406063,-1.5430219132398157,-1.0495938288678446,1.1134720507885787,-1.5479825248222057,0
-2.3812593007859655,-1.5200464628344241,-0.6593480703272377,-0.9013101952438558,-0.16685268019979688,0
-0.3304537215662323,-1.2868151852115302,0.8329467757021723,-1.053646518680368,1.0405947770009392,0
-1.1193113530216738,-0.17871389033840118,1.1775559233902437,-0.49024713643241946,0.585475595535761,0
1.077526700564883,-1.5710312916731686,-1.0860157923162899,-0.17541018323690097,-1.5657011740259155,1
-0.17514855496917972,0.24145791471338768,-0.24771304871838126,-0.7267192740065506,0.08052095396684532,0
-0.5302527055898552,-0.15013100888614628,-0.891587971156912,1.467506274813772,1.3469542113088706,0
0.6989857886043784,-0.1893904029093457,0.5905146958692623,0.3100875799749254,-0.3359936936818667,1
1.2136701385721522,1.7579924809173997,-2.5603445007876617,0.6780533853640313,0.2533834291292714,1
0.39809812650724213,-0.7076548261104605,0.4412330086973829,-0.3931406353858861,-1.5937134251593894,0
-0.24874069446379196,2.048026352832167,-0.12285815665887495,-0.4180842458309863,-1.191624289210083,1
1.2473740354481635,0.4675700278959496,-0.41920248976171065,1.5955345865768125,0.07576283852526437,1
0.6173531867826355,-0.5007504581193122,1.8178151773912659,-1.2247730164386637,1.14630244229357,1
-0.3975590330047075,-1.2273384555848976,0.5643408908885488,-1.0253096515652431,-0.6222493532649429,0
0.5702079982474507,0.9831037961251986,1.9807659395553447,-0.2907252829672225,0.19084248707190413,1
-2.843747493975132,-0.11256962837983653,-1.6344106064274895,-0.533137900956473,-0.24339074307358924,0
0.40497152224041777,0.35556543303148663,0.6425895363058421,-1.0675340363060406,-2.269494716531802,1
1.4689231259184805,-0.2769115451156046,0.5861716298689,-0.884439431315,-0.6690370933799561,1
-0.5468451216453445,-0.4363463697419965,0.46507249670140427,-0.3812447484901931,-0.36307198412094127,0
-0.04457287249097159,-0.25915025380119533,-0.40952237675821834,1.284395548832632,0.12697390049305812,0
2.0151569832916265,0.16169429871275817,-0.9364290882914801,-1.177853880150783,-0.09669307555355983,1
-1.163085317215939,-0.45426752436758405,-0.931493300678935,1.2190450483240476,0.17928449151131673,0
-0.23932919610278364,-0.5261664464119241,-1.0125173109980286,-0.8130342270033277,-0.16944387911390613,0
1.255435643005625,0.5146742876286182,-0.47516628099576275,0.04943437963145378,0.5132183157878569,1
-1.445432473242575,-0.029822822489908505,-0.8884059776794719,-0.9186648494682733,0.6646751661828584,0
0.4579238275511208,0.661048853301156,-1.0368615158408823,0.09070453555056772,0.6683513514368319,1
-0.8733836434411446,0.04423956266571971,-0.34667507508554496,1.4177392776960571,-0.6191382905580339,0
-0.9953934970282584,0.3129006495857698,-0.9288055407293858,0.5322484215376089,0.8364159305767501,0
0.5080368622284241,0.5816468052903822,-0.5379355719252173,1.0030600098897369,0.10400153135753731,1
0.6840182166094557,-1.0598894979095805,-0.28206113074471423,-2.770018806194729,-2.364249879348336,1
1.8020830690116802,0.30471902806941353,-1.5094290414332812,-0.8967434235050171,-1.0479394900403984,1
1.9011330402824032,-0.05238448927069533,-0.985183835521194,0.7603278287248847,0.4965827218183983,1
1.1863347469605237,0.12795960412357732,0.41262786724333045,-0.28436575127785196,0.23481409001695927,1
-1.0295782986402928,-1.1342185322023797,-0.0657424872108587,0.5912732044971626,2.349985593017003,0
0.14042993214676933,-0.02460885830375628,0.762891212739007,-1.5151650051448176,-0.6494683719544007,0
1.4915083043456008,-0.16188001749652703,0.31182893950408874,-0.38566603907070895,0.39562481843268604,1
2.1062601905528444,-0.9550861442646179,0.2969889311153277,-0.6118224399986372,0.31613975410261036,1
0.08744561594528616,1.3769979798793572,0.7882978788207617,-1.1716877598624822,0.391083002497954,1
0.6330137381400395,0.09572075120970183,-0.17879324673131292,-1.8006377529614042,-0.029049940430325674,1
0.3607647644147802,1.1111649876724685,-0.3911154357796522,-1.1978215498041869,-0.1640326711699925,1
0.2611966566246102,-0.05723398294570006,-1.7473526698191606,-0.30108431945946357,-0.4520383578283022,1
-1.580049640398842,-0.28621088933513716,-1.230025899307387,-0.6414551246235115,0.6889597747161673,0
0.8944112164062139,0.5433240294955545,0.37663852069376114,-1.7677748096283474,-0.9639905357503051,1
0.0017868997670196312,1.7098566099439407,0.05590885490282976,-1.3680937456475768,-0.9340118678355287,1
-0.41788041942515386,1.150043609527677,0.8178069995349604,0.024529147913658754,-0.5293911996211614,0
-1.1295225910868862,-0.5892147581496231,-0.7481903208406416,-0.8792017067909448,-0.21299411458356443,0
0.013440243892505697,-0.7280213072621313,1.754405030708009,-0.564493675018324,-0.6931874525904177,0
-1.7259779494576797,-0.1328533976389502,2.2307726383505853,-0.47913624390487797,0.5139913914366566,0
1.031997311254623,1.5793857654158787,1.2108060653999877,-1.2030037662848008,0.46510978139681797,1
1.214322329072339,0.6923624379576353,-0.4784475254333237,-0.3495220125962021,-0.3156482750414559,1
-1.5033639219979043,0.01106876841843072,1.8319417415079262,0.5282441679146279,0.489674235323826,0
-0.6986066963289413,-1.2212105282843093,-0.3138371087271442,0.37838648912713546,-0.8846426367722723,0
0.09927052711587618,0.09958873627756076,1.5596047720199755,0.18109968417557523,1.7055840139389091,0
0.5398922137861283,-1.2212409572386587,0.21067463343003198,0.5379947500912364,-0.6008432050319176,0
0.2667220759242146,2.0132396514798745,-1.145296880946769,-0.39668479721096295,0.6712976544500473,1
-0.7087633019165519,-0.6551793287334051,1.210592478900777,0.1329248749609276,-0.9578848833478841,0
-0.17529142065162753,-0.07620775165792794,0.07211895851295433,0.4058159091277408,-1.2031471476241198,0
1.2330098340229099,-1.039763355512801,0.7923168031858501,1.010854896903144,-0.37025670183184917,1
-0.2182347830489252,0.7170300818068347,0.9850542680542541,0.35929774738640907,-1.650577975298962,0
-0.4967554644788169,1.0208197175049671,-1.4928803840690463,-1.2397994913119208,0.4905244626276195,1
-0.6467998010744734,-0.4022334048505836,-0.3898368923324186,-0.5740815178487921,0.37790726105163447,0
1.398302275464312,-0.9375900263554017,0.06596393310840538,-0.7001291073365363,0.7263708063033985,1
-0.20304803182281303,2.55923261931921,0.3654911719571328,0.24269949345557673,1.3970162906540506,1
-0.4150232913339616,-0.550785181726987,0.17720622554682702,-0.5404406862887334,-1.7944600912579187,0
-0.6804703378280511,-0.2785841749078369,0.8474790615233772,-0.4741351113843755,-1.5609362212841147,0
-1.337360599724307,1.553750199170035,0.17636432043231723,1.3071164700934355,2.9292091618382634,0
-1.092345577791506,-0.3297874396624641,-1.977332144865102,-0.6521784027304136,-0.7068197550664613,0
1.3376841349979307,-0.2470996553120307,-0.7427654620200189,2.4339283682966517,-1.9300087339610543,1
1.2498192323522856,0.4320160120725515,-0.6261013041717521,-0.8184274908277048,-0.20722142125289225,1
-0.06154886205363862,0.09684794693851509,0.24446597222519323,0.21657732107297262,-0.26161072759579107,0
0.6961827393677384,0.14060776025747126,-1.8553271749969955,-0.6215922665101058,1.695346354281079,1
0.7209826875692475,2.1306338827508693,-0.45646721182108385,-1.0749319858313187,0.4748661013188616,1
-0.452056135474498,-0.2128442645329421,-1.1596093642472967,-0.11154775642686901,0.907321261376951,0
-0.003394475858041214,0.22280591180639772,-0.01893292909275048,1.229914811573618,1.0623073725847232,1
-0.507545201959108,-1.158370489164748,-0.050645568170958874,-0.022303057297288487,0.4358303257465233,0
-1.1599798705592534,1.4487495072874512,1.7026294742083599,-1.1600574300892117,-0.08652084940133946,0
-0.6167295659396382,-0.4300904143538679,1.8662233316718855,0.22374410942264872,0.09883499885408228,0
1.0872907605360587,-1.9740426772891442,1.6761625400043287,2.186656168929495,0.3900170119207832,0
-2.0667455356556608,-0.25081195654042115,1.699096707671536,-0.38110195920298195,-1.6415782516476487,0
0.026983611711148412,-1.9712795951760742,-0.11321270231049071,-0.3688981370148221,-0.5041763625048394,0
1.1925131647297322,0.3307916438802277,1.377218385188062,0.1913763151821745,-0.5840109108210061,1
-0.33034781465042556,-0.4025511814680517,-1.880605423241247,0.5373678506410777,0.40425297368808333,0
0.6783013344602535,-0.42067578801461464,0.594500655707906,-0.9181586502280452,-0.21892255196509683,1
-0.25851971814068453,-0.5134030202422811,0.12501125748935824,1.4980348411159894,1.5746886413919106,0
-0.5172797584035569,1.247897160323232,-2.3460200301311973,0.21173160490241139,-0.6085943988674339,1
-0.2676081353645053,0.7205582120871028,1.1393403985759263,0.515551530396072,-0.6422783952399171,0
-0.719890255125491,0.7575443976121073,-0.18315847300576593,-0.48157994308952107,-0.25425313476680733,0
-1.5087400282512926,0.8742627480833564,-0.7062816148769894,-0.0151938195393918,1.6366597456066878,0
2.093017621892838,-2.170383929549894,0.31345348866100897,-1.3632970910508146,-0.948731107367259,1
-0.09439198785925706,0.6222738318905991,0.48995200499652164,-0.6482398413824773,-0.08137748309388697,1
2.433407336219283,0.5438163489620291,-1.8310686742867501,0.46418140221166315,-1.4031432317361552,1
-0.3437012920929287,1.5024601058969764,0.20982315187174727,-1.2004054256497345,1.7617924109015541,1
-0.572472762574776,-0.15792444321015786,1.3569548598353847,1.240630224730483,1.1307838122151324,0
-0.5769249339618241,-1.0174013840836722,-0.3779945672658387,0.7711727409136899,1.0636311250050565,0
1.2475499798242449,0.6779908258855608,-1.279567710598536,-0.23008360929835794,1.0738595807952485,1
-1.6936830138646772,-1.2878631415242179,-0.1332072512666233,-0.13568577297077178,-0.10731864574285663,0
1.1372674062621226,0.5485986925957099,0.533795963642634,0.17865741888473236,1.2096033421710695,1
1.535784313873369,1.9595336020190024,0.3092076492715639,0.4608214325892876,-1.2110382487790616,1
-0.6454210982348267,-0.9241004154253059,2.0256425547663848,1.2894964159182987,-1.7104946150851137,0
1.2583396702817211,-0.5374950499539183,-0.6761413844741588,0.5087697020588478,-1.6971003863759873,1
-1.6636896969404358,1.4664108396506093,0.43266524145652824,-0.197805655487872,0.7255960039164997,0
0.4317921023493968,-1.0912366110999931,0.4414773245969906,-0.13081148964794145,0.08082204768731134,0
-0.8430595019220547,-0.9326446800591682,2.0015502760138437,0.017758452610742166,0.31139681862787766,0
1.9307202587746204,0.3932977792925511,0.6829495200267515,-1.5370063814346118,0.6895153101831546,1
1.8086188248640849,0.3986869428058401,-1.0575886649573576,-1.9830513717601088,0.3566066467141314,1
-1.9569636259566003,-0.41145436382968714,-0.6855349190774181,-0.9069796701261448,1.117695319813362,0
-1.3244994348967074,0.23651621921336433,0.5075887940748389,-0.7597188046186477,-0.7478592622029837,0
0.8824149580554582,-0.4420486507385161,-0.30410215111742867,1.1784249434927105,0.8499785175544989,1
2.0437246389643153,0.4696618784590544,-0.28622483570347784,1.049945499420947,0.21214121192148228,1
1.0337739921063553,0.1333085056333211,-0.2782581921418533,0.23550508826229416,0.5874139462728386,1
1.2098906576049941,2.4251800322540684,-0.053130027323025464,-1.033495091763031,-0.9756359427945441,1
-0.6169589609927991,0.44932939539385547,-1.0796014704478238,-0.49281396822441587,0.27852183117973595,0
-0.5233878300874384,-2.3692453639034508,0.6823753404228784,0.5435204158435101,1.891139423009255,0
3.71187781551327,0.2781300603655663,-2.5691571363383368,-0.8195457369944223,0.14151276561402495,1
0.6710694871972049,-2.4401213678225586,1.0223848070991564,0.23638110402447898,0.4145559203585051,0
0.38825144305429043,-1.2845997125721251,0.6633552080550326,0.24257576241137335,-1.1886970052651837,0
0.6052700560555782,0.04703334614416321,0.8031592454759221,0.0007171069630275003,-1.2778329761491876,1
-0.5393946834281872,-0.5300478094707866,-0.1212430446811911,0.9420847318722599,-0.8060092702487078,0
0.45894394867896554,-1.1996582826123812,1.5439146920144888,-0.2808671915967852,-0.2709950394030648,0
-0.8329313197907348,1.8707958282310273,-1.8304162453954902,1.2033145552669544,0.4686647061993818,1
-1.7076905844965744,0.008312129948476434,-1.1376320005829104,-0.31492116002018417,-0.5973746955875642,0
0.8589728943573716,0.8546881519813445,0.9321909344139652,-0.9785896969516751,-0.08497977913641494,1
-1.5271722763445772,0.21132491938413972,-1.0782898201309326,-0.4512275860467198,-2.4036735570092587,0
-0.5716938900731754,-0.709007217657754,-1.0471676528342504,0.2835173498790097,-0.6965890735975219,0
-0.16135453284021248,0.10654523515195626,-0.7899272335074898,-0.14407641173712013,-0.6618323292557744,1
-1.0445698784972155,-0.5823288995559972,-0.1190707423842948,0.11811931721293456,1.2656345494957582,0
1.1177677679316567,-0.4784473144201311,1.5048261248367107,0.7739942449748402,-0.6637409795073695,1
-0.8303267576327982,1.10935548145686,-0.37304727616373373,1.1144666251083382,2.724007459034817,0
-0.9527071094159827,0.3665959603086726,1.211691428644082,-0.29342795587515946,-1.3640234780454523,0
1.2559056920728444,1.0438737933651958,1.1587186242297298,-0.9652325825005788,-0.907500470890855,1
-0.07933077783832075,-0.5704439873708441,0.3833886448769886,1.1843270727373434,0.15881192770554314,0
0.026798289883414105,1.3968739794472764,-0.39389766431090445,-2.809563003434197,-0.4003837182248951,1
1.4017001356641874,1.0117559226270538,0.6545699526096199,-0.7187759203608034,-0.11830847516623069,1
-0.5662308771572943,-0.49529376428094274,0.3755088630508068,-0.9555002231146887,1.2695641185526727,0
-0.47209267840401675,0.8320305180289068,1.4685694165156504,-1.8668451605660186,-0.739267484584698,0
-0.4605685232065976,-2.169505917103579,0.39852115758633866,0.14244687101972534,1.0124308629313585,0
-0.4593119597780333,0.503781647205189,-1.0668592590541395,0.3690904630426574,-1.8142550084027154,1
0.2602835372733908,-0.2811659153782041,0.8747270242457285,2.9088720139637565,0.23347879530186075,0
0.43375307374358346,0.3259639406974876,0.4146938091776719,-0.8917607573537548,-0.7234567697181438,1
-2.2864132924087714,-0.6041317916737488,1.461270601320455,-0.5829678951671275,-1.3530081848748123,0
0.5434886070765994,1.1943645023691891,-0.07671827140781301,0.11883301682945721,1.2491183253721163,1
-1.6973797511740378,1.7519330053323965,-0.581050795676669,0.13526161885640736,-2.116719144205709,0
0.766831201457464,0.7054426103099615,0.6888649072423627,0.08568911572208457,1.3286453922917523,1
0.04926888646760158,0.8854842710416866,-0.36971179420239025,0.2261390875221762,1.5755811534073354,1
-0.8254253031846004,0.05927154073693677,-1.2162416014694595,0.06463149470685693,-0.24969471758424341,0
-0.017693280639248916,-0.08598674085503699,0.6629066362722441,-0.19599204992462776,0.8584981419346556,0
-0.07787644058374758,-0.7659317468625009,0.9878909520990954,0.31512846749026974,-0.026333411666323275,0
-1.99320184511081,-0.45961326680828113,0.11530803932892715,0.3206035585503677,-2.381185376849605,0
-1.6012424964964882,1.5230316726395106,-0.38327896963350716,0.8088575677079411,0.06317014062951828,0
-0.7521401740388374,-1.3031200110867254,-0.1178437199535084,0.7914956420541935,0.10754905950627787,0
-1.7337658741927473,-0.8418031991977196,-0.30397153740529775,0.140737977963354,1.0078190244150584,0
2.1289768799816837,-1.637104487381367,1.035000893695805,0.6230274546088068,1.100461867678756,1
-0.06558702279851883,-2.3620981429561705,-0.6199733334220696,1.6298024900815762,0.18711038843382963,0
-1.4864817716691079,1.0702370227494291,0.5700629036732987,-1.175405764840216,-0.5160724955602988,0
-0.5085718382214641,-0.2674641448984683,-0.8278493407560764,-1.6145669756801415,0.2848073302706632,0
1.1085599513338267,-0.2739252007827153,0.7526780466378958,-1.6688908940396665,-1.8415066703506096,1
-0.5089044596690552,0.3008950259295207,-0.054624750927457645,1.635111189911511,0.6044303070285003,0
-0.6061053664524677,0.548416923709048,0.31840932066658717,0.5228774674048662,1.5318250724299138,0
-0.05610146146719703,0.49927674960045015,1.425436782893671,0.3476640589199558,0.7943412320230576,0
0.4885792093906047,0.5998508300935098,-1.133458609524109,-1.3837882620699757,-2.2448673268841826,1
-0.3039463144335709,-0.5870007320954579,-0.4101015052722314,-0.01838692756305207,0.6217939658672285,0
-0.4082307229168275,0.14493808374851744,-1.3480676641962503,-0.9426630086785209,1.3331990428259266,0
0.491446700317488,-0.9583696405007495,0.6631393617731124,-1.085957277191459,-0.40012691289022134,0
-1.0712736376751812,-0.6388138581522018,0.3452458368670619,-0.12669402612515174,-0.4968389256870732,0
-0.008780131581124248,0.36223972252145586,0.7882018105525276,-0.3310855269994438,0.9470960514077673,1
-0.3946253831200177,-0.026289395465651264,-0.24637554590868624,-0.3311309572154011,-0.17644512555978492,0
-0.7052016589817159,0.4498969998073644,-0.337972717242337,-0.8265783019225539,0.8882798921712508,0
0.6682434071673844,0.941020761334065,0.9341599315801219,-0.39725369658201354,0.04139068920782826,1
0.41840952166754825,0.795015998983314,0.2014114231070748,-0.39702493306803416,-0.7569957655971155,1
1.3361266093261277,1.0614632010252343,0.8315279667204842,-2.2531219061450924,0.6492778044225828,1
-0.3125653837427295,-0.5448811654397643,-2.1075079119739244,-1.2354115496302402,1.191936392638672,0
0.6914788674998237,1.0645751284872347,-0.4411567411979307,0.9024556092708285,1.0899203726727666,1
0.9656810895102352,-0.7981977457810984,-0.5674257465634827,0.06920354984638533,0.32948198613847857,1
-1.6332595092307503,0.7696487872304942,-0.7398493453404732,-0.2707264233419301,0.7851888280980734,0
0.6154436380745181,1.9431123662149266,0.23612467390473324,-0.08815397954628355,-1.9160038519082336,1
-1.2608723473482297,0.612509265669557,0.7879389450146018,0.8606770983701733,0.07732744176156064,0
-1.4037491734374092,-2.230223781182501,-0.8503067494381569,-0.4652882818044844,0.5322247337012983,0
1.277898111287558,1.2400649897533782,-1.3495258162599866,-1.3401889150974484,-1.3902752976484813,1
0.2204220103252432,0.3962133642955129,-0.2035196800306613,0.20399886248621665,0.8893624367817439,1
0.09413420355421104,1.1921975562459102,1.0094097711160532,-0.05688369758256264,0.642760246335638,1
-0.9794526598506469,0.3843658147617855,-0.6295788156482698,1.5459899213678712,0.9331603675469867,0
-3.029766450937045,0.6817335108607577,0.669821331938184,0.6089006533338187,-1.9777458963284167,0
1.1178582857896762,0.5928165660673971,-0.7304585568815581,1.0443728098802918,0.5579439415377002,1
0.9968542126708856,-1.0968520328942566,-1.3210270110543163,0.15364285752875345,-0.980299092969677,1
0.07338495722071604,-1.4322693403120195,-1.8064277383685066,0.1113424254697594,-1.7655637698757336,0
0.5979377374165185,-0.271252652043211,0.17878837952832263,-0.0915628574064805,1.2264336696164237,1
1.5407362859782479,-0.26583901083200145,0.5453294580644238,1.577350035269239,0.8988627108533087,1
-0.5763994175902322,0.5114410784746619,-0.13218505551824425,-0.8663591385660916,-0.15806482032230088,0
-0.5256673489728718,-0.6356330825452835,1.7245169595867118,-0.2692732202877005,-0.4261874446829227,0
1.1316566454671382,-0.7246668444602397,0.2447012648164129,-0.003310329864343834,-0.7691128526567436,1
0.37382587282108865,1.9702522525355264,-1.8001568759528168,-0.8454219813153773,-2.3686190331461283,1
-0.25936371761196303,-2.2304209174190133,-0.9876196261874861,0.026188607242459812,2.7758067284961374,0
1.1618539275458724,0.555692201789893,0.7295919300237222,-0.9964615540701804,0.5054675590642288,1
0.8638703870701487,-1.114254775153288,1.2309717984014685,-1.023669209272155,0.47491857484348854,1
-0.6376630387847921,-2.0584748272663007,-1.6780901263393107,0.8569191494026706,0.09993078974283505,0
0.8626211278057092,-0.47198734154274313,-0.2678539122348619,-1.995671180182483,-0.18977729257071366,1
-1.2362064563968247,-0.06263941766496021,0.21319639013001318,-0.415786114893871,1.750381527928143,0
0.08148640259672751,-0.7698269090627903,0.6395245813380815,0.006255173876240134,-0.7718892014264997,0
-0.8775647721016465,0.02897628118762105,-1.5749084283980694,-0.6518940178585065,0.21950394836747267,0
1.473823090729401,0.7012878671153109,0.8111557273874997,-2.3428776824920323,1.1007149755931054,1
0.043875195819466764,-0.5544421409981374,0.10215007056253621,-1.9136048547978493,1.0671243999370912,0
-0.2885917694295363,-1.6517949735309883,-1.6264916687460236,-1.0947014910888653,0.2845351717171826,0
-2.6694457521655424,2.1116786498911257,-1.1073136405052753,0.7477199719828781,-1.6557901109147057,0
0.29470019862591923,0.1757881864450657,0.3601882126222869,0.9960754482526227,0.4209403454663296,1
-2.658148897826829,0.4846366343288301,-0.8008197610010721,-0.9272560336945408,0.6684067699871161,0
2.177000315433676,1.1924736060467103,-1.1472805691076218,-0.14335968085669157,0.25706689127736154,1
-1.333619174501411,1.424980375798562,0.68005062692586,0.9233240353376826,-0.15292933012694734,0
-1.0157232615183245,0.3078321066273102,0.6912584364029264,-2.230669223255911,0.15004096448848378,0
-0.6255261301812507,2.2748632984024018,0.2799377180072895,-1.7681121090149592,0.2594385347346114,1
0.09250597387220266,0.47447552266800846,0.14531529001099958,0.4797749466501426,-1.6122347857640504,1
0.06635556882615505,1.268077249420452,0.3077014683150263,-0.371774659340431,-0.15399402328186754,1
-0.3996837993292662,0.6404515261551541,2.0323579839243124,0.013680828518371258,0.4080886834740334,0
-0.8587290011469645,0.24569356093630976,0.44357413499507836,-1.1789312814245076,-1.1074134737857306,0
-0.7014342565171826,-0.8018014564361593,-0.46074527924642383,-0.14125767255685392,0.27315086437378244,0
1.6524826670796817,0.6696550563558935,0.00447388796522107,-0.3272338320274756,0.9596288246661945,1
0.17763727980335303,-0.15105407430118215,-1.4846337569155956,0.5327067085993301,0.6427133535714101,1
0.5109360625921029,0.17290474643264744,-1.355392210997568,0.14484544623048734,-0.409523151069906,1
-0.09523653694380144,-1.081608104230737,-0.24362248675671175,1.4049642458030696,-0.7356716267934281,0
-0.05967145039277906,0.17778003912829501,0.3366907743329012,-1.1573337481241475,-0.41214440370638916,0
-0.0666726245812247,-2.1460499827373294,0.9612237756621066,1.4058523656580804,0.17604082887581446,0
0.5651120885242464,0.99672276806054,1.091822297251231,1.3028258410436153,-1.477907783048079,1
-1.2616517530036686,-1.345543139218096,0.03464583055649856,0.43292294048264207,0.3557304874917539,0
-0.037839357984448554,0.06373087305514226,-1.0083917604636414,-0.12454861037422034,-0.2515614740243093,1
0.8467501107782296,-0.2917504575652446,-2.6940259154837443,-1.1023043716072085,0.21314794483341473,1
-2.2793145804604396,-2.141670697722647,1.0971491558669748,-0.21133803127260234,0.04743438139447778,0
-0.4612549846335669,-0.7820933745576668,0.3464435162362237,0.6853054011736934,-0.4283452508515584,0
-1.568459549754368,0.28658809459478496,0.6806588549811953,-1.2575475905830567,1.421090860465295,0
0.533797347725311,1.7132411738695799,-0.45758665931319925,-1.184019767025502,0.27217187418709804,1
1.2299565577597809,-0.4749568399718317,-0.7527738705481737,-0.24236956875602655,-0.30727957838205117,1
-0.715742329817362,-1.349754657120268,1.2621681812846373,-1.2820562434432898,-1.576670230232796,0
-1.9018494514083961,0.5124787835430021,-1.1905861339442831,0.12602306614880168,-0.4692920009682039,0
-0.6087808889921065,0.2976452957219296,0.3643695034364828,0.890122895148245,2.770904647984869,0
0.4836316488113869,0.8268595107752978,0.617230030055399,0.8252792004284633,-0.8215487230991199,1
1.2603132215198587,0.7500506849702503,-1.4674891266086838,0.5576973867779416,-0.6409316969177021,1
0.055802532659999966,-0.05931801039782679,0.043212087800215536,1.9913331369469887,0.14367199045988027,1
0.6888205225031899,0.9893551562659749,-0.8955868379170693,-0.899298362173127,-1.3566193628139764,1
0.2321239781616204,0.36335126783599236,-2.3821622936237548,-0.40422649479607126,0.06287862707052957,1
0.14700964737796382,-1.346959877903602,-0.7644409704584701,0.5397471576913228,0.3479580904241863,0
-0.01770918407361788,-0.6117392455530671,0.6341081313007255,0.8744089438354873,-0.69568827515874,0
0.06937125554007352,-0.2863640200767407,0.37358983967632087,1.684900993798939,0.3775916995982405,0
0.6515551989420647,1.6335305711555987,1.5623574128687665,0.15578307359043161,0.048461460124241934,1
-0.8997731702543091,-0.6901068521297928,-0.5083211308049138,1.4017302935792606,0.49373013471146354,0
-0.8665929124038987,1.2265548741759238,0.9678499264946699,0.5849959698273062,2.3288679230017744,0
1.0174840029962442,0.07723085727908514,-0.3478689254442273,-0.843327695655767,-0.028151859273228177,1
-1.485625804662457,2.263165907875472,0.16972557965051766,1.7652032705509972,-1.531917362588134,0
0.8100110678039745,-0.07234819320305837,0.06914686852173589,-2.7281881730978226,0.04937699127253346,1
0.15758541239617418,0.17581987665693133,0.15895098373173697,-0.4215645431326832,0.8397269064980081,1
1.119028719373398,0.8767838769044499,-0.3020481386627473,-0.428693750198654,-1.1652503472992308,1
0.20539819208083016,0.9907951072465428,-0.22397427389211144,-0.36040521764475464,-0.3381794506526056,1
0.9465061383002275,-1.2857898582280158,-1.0918697420104793,0.3029623486151847,-1.1843728630743322,1
-0.8643898413165535,0.6131153000702366,1.6288215137831012,0.34366573471075057,-0.8146586292458619,0
-0.44424947914812346,0.7126381847646422,1.030352768227945,1.5483242363029468,-0.7821210141719414,0
0.29993124158923545,0.5261542301349699,-0.7112015160850029,0.3110957581867076,0.19106404733084784,1
-1.7221202928620107,0.36605628305081966,-0.8459483313229558,-0.931570892702521,-0.2587573724020065,0
1.4651299362637895,0.7618627795930837,0.7968472811668329,0.7713990219329476,0.711779579508608,1
-1.0291696655462448,0.4277661361300725,1.26461054196263,1.208590067511215,-1.5300483896404489,0
-0.9199832728772056,0.29304432328810354,-0.2719714831366678,1.0651765672812907,-1.061473494199805,0
-1.0099582727428296,-0.13870994739401793,1.1843488639347475,-0.30249053946884724,-1.01458838396262,0
-0.7744308565515724,0.7512291699791922,-2.0423780930464095,-0.573416012385823,-1.5276819754705881,1
-0.16300986161570766,1.0092625516542708,0.766963306496774,-0.710042037396203,-0.47464064350073526,1
0.8711454233196289,-1.8383765986591214,-1.1309176438124355,-0.3304473847405677,-0.5606915938153683,1
0.9000786800219893,-0.24301606055522837,0.1401626785444001,-0.7887929221153636,0.5959862931025494,1
-0.998610555311461,-1.1504481016637425,0.33392744064473706,0.06835112425706218,0.9639245499509048,0
-0.012415050299399528,-0.014079034964018463,-1.6623998487227831,-0.8675019777639961,2.1073219181010305,1
1.6487908391598995,-1.1455903020501794,1.7068975997243867,-0.7386165746952996,-0.8435561361286724,1
-0.6913793228662501,1.3524645394217008,0.12076761806626603,2.5140583621682926,0.06614201647191303,0
-0.02116184119066907,0.3856940752258965,-2.8366520765505507,0.22416617122862748,1.168289054527207,1
-1.0746015329103389,0.4205198978026711,1.6526944716047718,-0.5484925558300858,1.012873708810563,0
0.4456605055513745,-0.6155478237900949,0.4328774330499795,-2.0803995827221335,0.8681360777092041,1
0.10880878805251391,-0.15961123512564823,-1.285790747859392,1.4729209301566528,2.3334674658000294,1
-0.004816283497194463,0.22834930949115054,0.2552835401538529,0.09121893707872482,0.18704217584766827,1
1.6980603038929671,1.2360699778089768,-0.12352330028587871,-2.0074901279333157,0.4747312303048492,1
-0.2607682525244593,-0.04621560945166228,0.4880422555375002,-0.41868231506951314,0.9533788313411838,0
1.0397421229500239,-0.5406095837474703,0.6117408543165425,-1.7830749233763088,-0.5316632744845833,1
-1.287212549767013,-0.4766545896891706,0.4601652127532079,-0.08771509543747726,1.5087846893591303,0
0.827684998724369,-0.23735796712435592,-1.4786114758051234,0.22480403686556075,0.2503319683909026,1
-2.3364200332335,-0.5895638263170361,-0.93376221991226,-0.931515292089065,0.9728411351838895,0
0.6632275841501294,-0.1705321370153279,-0.10629877566105475,-0.16576458550129494,-0.21056458347514373,1
-1.954909083387368,0.1410418317799976,-1.8070286818828287,-0.007094316743530114,-1.0954532699604078,0
-1.7129671112718674,-0.5936282380900896,0.022070652910312016,-0.9171420880215146,0.7860044562737044,0
0.8098609031230696,0.614421822962321,-0.4572904868105155,-0.10478011275405068,0.46172001246158184,1
1.0539462030662938,0.9670836609703499,-0.44798274936678456,-2.1014439668506433,-0.731562332846875,1
0.4807776063973408,0.8322467965620179,1.8631293596058993,-0.7099129525396339,0.9414736026633626,1
1.3066080461028644,1.0722995833543447,-1.4860126048669127,-0.26782875410527784,1.3597960994407077,1
0.8560219332093232,0.6079777601002107,0.6232774368451707,-0.011940318528175061,0.6394240069790362,1
1.217704701405461,-0.17391953340527297,0.42710034381420864,1.07376619493903,-0.7172861859647414,1
-0.949906364506824,-0.8381142829404962,-0.6393440473038599,-1.167547920231737,0.48814259470614335,0
0.6574404573658192,0.47215124083801036,0.40588979108961953,-0.08111680365936139,-0.7549942599694628,1
0.8885630197735268,0.16534314050795706,0.04870355665052216,0.7293968377211392,-1.70388221455635,1
-2.3870410591673683,0.3061871903203906,-0.25123802110874033,2.3898861653113745,0.37299236558773696,0
0.6537683208711184,0.6841944408426089,0.7929752903833397,-0.07551482563387614,0.721571407617047,1
-0.5849651717889487,0.6089182984996384,0.9773086425122608,1.2262449306594194,-1.578956717808948,0
-0.12268092507294602,-0.04927023844990036,-0.4431641876432016,-0.4181931246336773,0.49115001613312387,0
-1.454044027846838,0.18931604912244962,1.4128644639106893,0.11886293991471261,-0.71590089516054,0
-1.9931496029354183,0.7854130975095642,-1.6262258334392523,-0.6249609408748742,1.3020871088163786,0
-2.65561601677783,-0.565585441809602,0.7546148157707605,-1.3668634035212797,2.0459074059091518,0
-0.6362437242402323,0.4523626651329512,1.321627530700036,-0.41215388523636404,-2.342093672008304,0
0.25317206611815546,-0.9947220935176077,-0.24540915983721304,-0.783196804742694,-1.1693272232265228,0
0.4218297648623628,1.6502252119453134,1.1063104569650817,0.9899728110904704,0.2368474985350296,1
-1.0514448626117796,0.5888866103694463,-1.3687885125110173,-0.12855711079174303,0.2454481928613865,0
1.0646448335276189,-0.14859849877314302,-0.5187421356431929,0.161281811408783,-0.8841124449650458,1
0.4255373861899483,-1.087929503408732,-1.6507042644580572,-0.06900302284705323,0.6469249327671748,1
0.49364979100618284,-0.6138951085776831,0.6058150913090661,0.12308357693066045,0.3072539721863183,1
-0.7940800283505184,1.1841739842479702,0.03982150830141975,-0.8460149075072884,-1.904861599216413,0
-1.4545720246379503,1.238854742419897,-0.4173076077734495,-1.3532933127765967,0.3255970964965118,0
-0.44265128989965946,0.3804257811186275,-1.5681412261782328,0.1272723099188112,0.04754816480251538,1
-0.2783958810404416,1.1612464503282014,-0.32814138774267093,-0.34234591791507096,-1.5151142158879978,1
-0.0918692245292527,-1.2089621309804648,0.6552375433278501,0.6093748022955521,-0.7333234096752509,0
0.7745501917179393,-0.5890676608902867,1.3239417014253032,-0.7278468656423813,-0.47548868719382636,1
-0.40949543505274677,1.194827367046334,0.4759418755789109,1.423377249258822,0.4714914728827702,1
-0.0023056937732020438,-1.171119427521705,-1.1248453141484474,-0.9415877915478967,0.04591601331077691,0
-0.7182519340213673,1.4207010037848633,0.45869931057148,1.0233559094445495,-0.6884865447287591,0
-0.050777966683630854,1.8739897845772182,-0.19151709714326245,-0.20336507758250125,-2.470500133285311,1
0.5306499977755094,-0.9747209400481734,-0.32385886439628797,0.5242819307830235,1.1740218011346626,1
-1.0356474901405797,0.35158731615963373,0.5113586520147707,-0.4635074484737243,-0.15770771014791854,0
-0.8798481275810609,1.5130981196436368,-0.27676227081257504,-0.7294172435406316,-1.2156353285437351,0
0.48322925630773284,-1.2787497989969245,1.3207788768700113,0.6833102695833213,-0.016325260880443608,0
-0.6696068007062606,-0.3392983169344053,-1.9182169992837057,-1.2336190340708635,-0.6011260697175131,0
-2.1667549272363478,-2.1759654484077853,-0.3287343717264438,0.4459286311526125,-0.7717208079137904,0
0.41241428692659793,0.7688392161931658,0.7709913000206113,-0.41931406682920114,-0.5286002797226044,1
0.13737491953797923,-1.1995720734022397,-0.4036140364035707,-0.39470834432743646,0.16678432470662016,0
0.4377429594234201,1.9099821152803798,-1.0766373337846016,-1.0057783162185456,0.019432129103866533,1
-0.8889790183364725,-0.4103658173719427,1.4140116972207475,-0.14715323789531642,-1.7782041133291753,0
0.8543701254933399,0.39214013970790257,1.8729423546152928,-1.9794922702302047,-0.07249285201676789,1
-0.6689171067885068,0.0123493624285109,0.8585701402883887,-1.2885670177446404,-0.8996086670961795,0
0.363395205970138,-0.943345546508353,-0.056816506951937004,-0.7707573475192753,0.5819904094156969,0
0.5777589637288932,-0.8086739544887853,0.8086370396537036,0.15832584773036953,-1.2039297998404248,1
0.6427895716543777,0.18183500079526402,-0.7894859658393323,-0.850784288274053,1.5275492347178672,1
0.047639769884208774,-0.7291600177626679,-2.4891650439458837,-0.2464206884973712,0.4954599926385566,1
1.1934392582603606,0.010216407881434039,1.6161014544367338,-0.2116347809589481,0.8495087469276307,1
0.8332342513258156,-0.2405718549763862,1.1297840270031134,1.8425470238148367,-0.012854921021754638,1
-0.995857704100989,-1.0585264855057666,-0.24901945767697894,-0.8752705140811302,-0.7206880603670677,0
0.5476370617174776,-0.17646329928459295,0.36529866331496275,-0.28327926233153156,-0.5416268473119951,1
0.5613700286413454,-0.5619164198100143,-1.2863867383139247,-0.5186202222400303,-0.9668543323786755,1
-1.2315092815991926,-0.5537321533867817,0.6239483397964809,1.2153724613034906,0.9265680154984935,0
0.7893814797548175,-0.6681631778300435,0.23336009662001825,0.6096902156212551,0.3211008168495831,1
-0.1732039724847638,-1.3590442770317555,-1.730647213066045,-1.2244929985469368,0.2097835430570478,0
-1.1916966953511203,0.6945453195899075,-0.30371229589641185,1.2279383482998885,0.41674390344075707,0
-0.3686904573224736,-0.2045583048756977,0.3970023516290806,-1.906220671672885,-0.391835781043936,0
0.9603347779253868,-0.010673307710470255,-0.557378075605728,0.5340218136170051,-1.3285862097839332,1
1.1901326293758048,-0.8479217949375281,2.0545484921643964,-0.18769207732866366,-0.1744796846549828,1
0.9998388119348148,0.3301845290314784,-0.34544742324548294,-1.4200979481849698,-0.3507556102477408,1
1.0665067481545325,-0.41354898109460925,-0.24391567402086792,0.3635841693623952,1.5280517990978564,1
-1.349608565324606,-0.8034393925741635,0.1210498043096181,-0.01246611015627492,-0.2577197021278613,0
0.18134300868607375,-0.45041549038012335,0.7059238495614278,-1.1393958243563163,-0.1533076915299385,0
0.5313638725929388,-0.6032983443430222,0.36710353289767905,-1.304423586606524,1.051649289009766,1
0.4900898474092348,1.7264793434758394,0.9886614259905288,-1.2452528135618146,-0.4711366477673039,1
0.5028310871614685,-0.8946634152736409,1.0180935002258193,0.749744012216788,0.9686989804527574,0
-2.060457222014334,-1.8391168261624111,-0.26655460913219564,-3.2563965242861,-0.3100455356719237,0
1.7172957165501919,-0.08294391345662129,0.21665638008918442,-1.8164296602150238,1.2051663710141431,1
-0.9868367062510389,0.14811739880767072,-0.36596283191444173,-0.9414053387560256,0.1481688135059956,0
0.8932074778429541,-1.1423963841305926,0.03636897766035498,-1.0793172652195944,-0.6211553346616578,1
2.2221556975123313,0.13835279796814473,-0.6027627998405025,-0.45680670268386425,1.2481760261915409,1
0.6951634546299477,1.447901331862913,0.183991839393358,0.9593318352018742,1.2818474144364433,1
-1.00295705611711,-0.39400342558804885,-0.10218476160690264,-1.9550313004121045,0.8416085322165179,0
-0.9880798150549387,-1.20621540828415,-0.49658392519596484,0.005562996009250956,1.524007847210226,0
0.07360699751000842,1.6725016490099,0.9028016529046695,0.6750797473505803,0.3130092819014418,1
-0.7150068256226884,0.34135241258494864,0.9022360650021275,-0.9286522677292981,1.6592861091400446,0
-1.6900635943326907,0.13713124561380924,0.590577263126306,0.3641329700322169,-0.3300176883842597,0
-1.6085417721133537,-0.0758365575564199,0.07551983867248639,0.2451460186581236,-1.551362161027845,0
0.5374646718765291,-0.962670019205128,0.10796071091420467,0.3295496778678705,0.37633754465845615,1
1.6809637663213757,0.4822556729678386,0.6871337433364966,-0.8827877118194303,-0.5859844379297408,1
-0.40332740370829906,-1.2260232444164672,0.5470403075526497,0.21545374592161468,1.3674079745169299,0
0.44790810583300567,-1.3630017992273828,0.20010015142583057,-1.5491999549738755,1.1002138694994277,0
0.920885348311195,-0.10184263125684996,-1.519112007006479,1.9142830394588917,0.7782760984285698,1
-1.320551839005706,-1.0779418337565239,-1.7726691679868252,0.8333226111775159,0.5860072551235179,0
-0.21226222603803377,-1.8253482134687762,0.2330856042994727,-1.0305125100643164,-1.422679937463548,0
-0.5598718102314933,-0.21289557076894317,0.01726546227160108,-0.20491507650928467,1.7861048083045816,0
1.134381168275974,0.4050405888223633,2.4883769908587916,0.1031900416013718,2.305716597014537,1
-0.5559665652066814,-1.2956557478837722,-0.22345877797918287,-1.086689923951574,-0.17131838351517767,0
-0.4589451858277578,0.7343604069052398,-0.23071165844766894,0.7245631415706776,1.4381561694083853,0
-1.5627804396129306,1.1952357869051284,0.04669674720635894,-0.6494794775010877,1.760153860078374,0
0.49131234214908925,-1.1501524029543124,0.2565622889314092,-1.8717010357069164,1.7309379812891654,0
1.7520412342381915,-1.4182698268790968,0.09325869058382757,-0.7449388789736341,2.4820192083787322,1
2.10959494439651,0.18453545606579058,1.7405244164782925,-1.5175446235525458,-1.1531052942645437,1
-0.9242781623405204,-2.1087547229642922,1.1098585889127772,-0.9421486205125802,-0.8251960911848731,0
1.3156531559132105,-0.4821796725996716,0.4457019332307508,0.6273492986110986,1.4241849002318772,1
-1.0866409055006179,-0.5401171939516339,-0.2996265840935602,-0.29945584881248594,-0.807246358212113,0
0.3324404641515606,-0.6387242186220875,1.0832854286075113,-1.5275636985603067,0.7995269390480393,0
-1.6370268007763369,0.5370636278582298,1.0988602824707692,-2.06354787272891,-0.4963457111718706,0
-1.4732134956989758,1.1617120688300848,0.3798500702343058,0.9662503640176552,0.4121536567248593,0
